-- phpMyAdmin SQL Dump
-- version 3.3.9
-- http://www.phpmyadmin.net
--
-- Servidor: localhost
-- Tiempo de generación: 17-10-2012 a las 23:56:59
-- Versión del servidor: 5.5.8
-- Versión de PHP: 5.3.5

SET SQL_MODE="NO_AUTO_VALUE_ON_ZERO";


/*!40101 SET @OLD_CHARACTER_SET_CLIENT=@@CHARACTER_SET_CLIENT */;
/*!40101 SET @OLD_CHARACTER_SET_RESULTS=@@CHARACTER_SET_RESULTS */;
/*!40101 SET @OLD_COLLATION_CONNECTION=@@COLLATION_CONNECTION */;
/*!40101 SET NAMES utf8 */;

--
-- Base de datos: `tesis2`
--
CREATE DATABASE `tesis2` DEFAULT CHARACTER SET utf8 COLLATE utf8_general_ci;
USE `tesis2`;

-- --------------------------------------------------------

--
-- Estructura de tabla para la tabla `t_campanha`
--

CREATE TABLE IF NOT EXISTS `t_campanha` (
  `idt_campanha` int(10) unsigned NOT NULL AUTO_INCREMENT,
  `campanha_nombre` varchar(200) NOT NULL,
  `campanha_asunto` varchar(200) NOT NULL,
  `campanha_mensaje` text,
  `campanha_idt_evento` int(10) unsigned NOT NULL,
  PRIMARY KEY (`idt_campanha`),
  KEY `fk_campanha_evento` (`campanha_idt_evento`)
) ENGINE=InnoDB  DEFAULT CHARSET=utf8 AUTO_INCREMENT=11 ;

--
-- Volcar la base de datos para la tabla `t_campanha`
--

INSERT INTO `t_campanha` (`idt_campanha`, `campanha_nombre`, `campanha_asunto`, `campanha_mensaje`, `campanha_idt_evento`) VALUES
(1, 'Nombre de la campaña de alejandrobolivar86@gmail.com del evento id 8', 'Asunto del mensaje', '', 8),
(2, 'Nombre de la campaña', 'Asunto del mensaje', 'Mensaje', 8),
(3, 'Nombre de la campaña', 'Asunto del mensaje', 'Mensaje', 10),
(4, 'Campaña de Prueba 1', 'Asunto de la campaña de prueba 1', 'Mensaje', 8),
(5, 'Campaña solo con Nombre y Asunto', 'Asunto', '', 8),
(6, 'Nombre de la campaña', 'Asunto de la campanha larga', 'Mensaje', 15),
(7, 'Nombre de la campaña', 'Asunto', 'A', 16),
(8, 'Nombre de la campaña', 'Asunto de la campaña', 'Mensaje', 21),
(9, 'Campaña cualquiera 2', 'Asunto', '', 21),
(10, 'Campaña de mark Zuckerber', 'Asunto', '', 35);

-- --------------------------------------------------------

--
-- Estructura de tabla para la tabla `t_compra`
--

CREATE TABLE IF NOT EXISTS `t_compra` (
  `idt_compra` int(10) unsigned NOT NULL AUTO_INCREMENT,
  `compra_montoTotal` float(11,4) unsigned NOT NULL,
  `compra_cantidadTotal` int(10) unsigned NOT NULL,
  `compra_fecha` datetime NOT NULL,
  `compra_idt_participante` int(10) unsigned NOT NULL,
  PRIMARY KEY (`idt_compra`),
  KEY `fk_compra_participante` (`compra_idt_participante`)
) ENGINE=InnoDB DEFAULT CHARSET=utf8 COMMENT='			' AUTO_INCREMENT=1 ;

--
-- Volcar la base de datos para la tabla `t_compra`
--


-- --------------------------------------------------------

--
-- Estructura de tabla para la tabla `t_contacto`
--

CREATE TABLE IF NOT EXISTS `t_contacto` (
  `idt_contacto` bigint(11) unsigned NOT NULL AUTO_INCREMENT,
  `contacto_nombre` varchar(100) NOT NULL,
  `contacto_apellido` varchar(100) NOT NULL,
  `contacto_correo` varchar(150) NOT NULL,
  `contacto_idt_organizador` int(10) unsigned NOT NULL,
  PRIMARY KEY (`idt_contacto`),
  KEY `fk_contacto_organizador` (`contacto_idt_organizador`)
) ENGINE=InnoDB  DEFAULT CHARSET=utf8 AUTO_INCREMENT=21 ;

--
-- Volcar la base de datos para la tabla `t_contacto`
--

INSERT INTO `t_contacto` (`idt_contacto`, `contacto_nombre`, `contacto_apellido`, `contacto_correo`, `contacto_idt_organizador`) VALUES
(1, 'Carlos', 'Medina', 'carlosmedina@gmail.com', 1),
(3, 'Lady', 'Gaga', 'ladygaga@gmail.com', 1),
(4, 'Larry', 'Ellison', 'larryellison@gmail.com', 1),
(7, 'Eike', 'Batista', 'eikebatista@gmail.com', 1),
(8, 'Bill', 'Gates', 'billgates@gmail.com', 5),
(10, 'Bon', 'Jovi', 'bonjovi@gmail.com', 8),
(12, 'Bill', 'Gates', 'billgates@gmail.com', 8),
(13, 'Bill', 'Gates', 'billgates@gmail.com', 1),
(14, 'Carlos', 'Medina', 'carlosmedina@gmail.com', 5),
(19, 'Pitbull', 'Pitbull', 'pitbull@gmail.com', 4),
(20, 'Pitbull', 'Pitbull', 'pitbull@gmail.com', 1);

-- --------------------------------------------------------

--
-- Estructura de tabla para la tabla `t_detallecompra`
--

CREATE TABLE IF NOT EXISTS `t_detallecompra` (
  `idt_detalleCompra` int(10) unsigned NOT NULL AUTO_INCREMENT,
  `detalleCompra_precio` float(11,4) unsigned NOT NULL,
  `detalleCompra_cantidad` int(10) unsigned NOT NULL,
  `detalleCompra_idt_compra` int(10) unsigned NOT NULL,
  `detalleCompra_idt_entrada` int(10) unsigned NOT NULL,
  PRIMARY KEY (`idt_detalleCompra`),
  KEY `fk_detalleCompra_compra` (`detalleCompra_idt_compra`),
  KEY `fk_detalleCompra_entrada` (`detalleCompra_idt_entrada`)
) ENGINE=InnoDB DEFAULT CHARSET=utf8 AUTO_INCREMENT=1 ;

--
-- Volcar la base de datos para la tabla `t_detallecompra`
--


-- --------------------------------------------------------

--
-- Estructura de tabla para la tabla `t_entrada`
--

CREATE TABLE IF NOT EXISTS `t_entrada` (
  `idt_entrada` int(10) unsigned NOT NULL AUTO_INCREMENT,
  `entrada_nombre` varchar(150) NOT NULL,
  `entrada_precio` float(11,4) unsigned NOT NULL DEFAULT '0.0000',
  `entrada_cantidadMaxima` int(10) unsigned DEFAULT '0',
  `entrada_idt_evento` int(10) unsigned NOT NULL,
  PRIMARY KEY (`idt_entrada`),
  UNIQUE KEY `idt_entrada_UNIQUE` (`idt_entrada`),
  KEY `fk_entrada_evento` (`entrada_idt_evento`)
) ENGINE=InnoDB  DEFAULT CHARSET=utf8 AUTO_INCREMENT=10 ;

--
-- Volcar la base de datos para la tabla `t_entrada`
--

INSERT INTO `t_entrada` (`idt_entrada`, `entrada_nombre`, `entrada_precio`, `entrada_cantidadMaxima`, `entrada_idt_evento`) VALUES
(1, 'Estándar', 100.0000, 1000, 27),
(2, 'Estándar', 100.0000, 100, 29),
(3, 'VIP', 300.0000, 10, 29),
(4, 'Estándar', 100.0000, 100, 30),
(5, 'Butaca', 100.0000, 1000, 31),
(6, 'Curva', 50.0000, 10000, 31),
(7, 'Extranjeros', 904.8000, 1000, 32),
(8, 'Gold', 2500.9900, 10, 33),
(9, 'Standar', 15.0000, 100, 36);

-- --------------------------------------------------------

--
-- Estructura de tabla para la tabla `t_evento`
--

CREATE TABLE IF NOT EXISTS `t_evento` (
  `idt_evento` int(10) unsigned NOT NULL AUTO_INCREMENT,
  `evento_nombre` varchar(150) NOT NULL,
  `evento_fecha_inicio` datetime DEFAULT '2012-07-20 10:06:17',
  `evento_fecha_fin` datetime DEFAULT '2012-07-20 10:06:17',
  `evento_tipo_evento` bit(1) NOT NULL DEFAULT b'0',
  `evento_lugar` varchar(150) DEFAULT NULL,
  `evento_cupo_maximo` int(10) unsigned DEFAULT '0',
  `evento_categoria` int(3) unsigned DEFAULT NULL,
  `evento_descripcion` text,
  `evento_estado` int(1) unsigned NOT NULL DEFAULT '0',
  `evento_idt_organizador` int(10) unsigned NOT NULL,
  PRIMARY KEY (`idt_evento`),
  KEY `fk_evento_organizador` (`evento_idt_organizador`)
) ENGINE=InnoDB  DEFAULT CHARSET=utf8 AUTO_INCREMENT=37 ;

--
-- Volcar la base de datos para la tabla `t_evento`
--

INSERT INTO `t_evento` (`idt_evento`, `evento_nombre`, `evento_fecha_inicio`, `evento_fecha_fin`, `evento_tipo_evento`, `evento_lugar`, `evento_cupo_maximo`, `evento_categoria`, `evento_descripcion`, `evento_estado`, `evento_idt_organizador`) VALUES
(2, 'Proyecto de Grado I', NULL, '2012-07-20 10:06:17', '1', '', 0, 4, '', 1, 7),
(3, 'Marketing II', NULL, '2012-07-21 00:00:00', '1', '', 0, 0, '', 0, 7),
(4, 'Ingeniería de Software II', '2012-07-20 10:10:26', '2012-07-20 10:10:28', '0', '', 0, 0, '', 0, 7),
(5, 'Congreso de Cientificos', '2012-07-20 10:06:17', '2012-07-20 10:06:17', '0', '', 0, 0, '', 0, 7),
(6, 'Congreso de Finanzas Personales', '2012-07-20 10:22:54', '2012-07-20 10:22:56', '0', '', 0, 0, '', 0, 7),
(7, 'Congreso Bolmun', '2012-07-20 10:06:17', '2012-07-20 10:06:17', '0', '', 2000, 0, '', 0, 7),
(8, 'evento de alejandrobolivar86@gmail.com', '2012-07-20 10:06:17', '2012-07-20 10:06:17', '0', '', 0, 0, '', 0, 1),
(9, 'Congreso de Psiologia', '2012-07-20 10:06:17', '2012-07-20 10:06:17', '0', '', 0, 0, '', 0, 1),
(10, 'Congresos de Informáticos', '2012-07-20 10:06:17', '2012-07-20 10:06:17', '0', '', 0, 0, '', 0, 8),
(11, 'Seminario de Ventas', '2012-07-20 10:06:17', '2012-07-20 10:06:17', '0', '', 0, 0, '', 0, 8),
(12, 'Lorgio Serrate''s Event', '2012-07-20 10:06:17', '2012-07-20 10:06:17', '0', '', 0, 0, '', 0, 8),
(13, 'Bill Gate''s Evento', '2012-07-23 10:28:53', '2012-07-23 10:28:55', '1', 'Bill Gate''s House', 5000, 4, 'Release Windwos 8', 0, 1),
(14, 'Karl Albrecht''''s Event', '2012-07-23 10:33:30', '2012-07-23 10:33:32', '0', '', 0, 1, '', 0, 1),
(15, 'Windows 8 Release', '2012-07-20 10:06:17', '2012-07-20 10:06:17', '0', '', 100000, 0, 'Especificaciones', 0, 5),
(16, 'Evento 2', '2012-07-20 10:06:17', '2012-07-20 10:06:17', '0', '', 0, 0, '', 0, 5),
(20, 'asdfasd', '2012-07-20 10:06:17', '2012-07-20 10:06:17', '0', '', 0, 0, '', 0, 18),
(21, 'Cata de Vino', '2012-07-19 10:06:17', '2012-07-28 10:06:17', '0', '', 0, 0, '', 0, 19),
(22, 'Evento con Entradas habilitado pero sin niguna entrada', '2012-07-20 10:06:17', '2012-07-20 10:06:17', '0', '', 0, 0, '', 0, 19),
(23, 'Evento con 2 tipos de entradas', '2012-07-20 10:06:17', '2012-07-20 10:06:17', '0', '', 0, 0, '', 0, 19),
(24, 'Evento con 1 tipo de entrada', '2012-07-20 10:06:17', '2012-07-20 10:06:17', '0', '', 0, 0, '', 0, 19),
(25, 'Evento con 1 tipo de entrada', '2012-07-20 10:06:17', '2012-07-20 10:06:17', '0', '', 0, 0, '', 0, 19),
(26, 'Evento con un tipo de entrada', '2012-07-20 10:06:17', '2012-07-20 10:06:17', '0', '', 0, 0, '', 0, 19),
(27, 'Evento con un tipo de entrada', '2012-07-20 10:06:17', '2012-07-20 10:06:17', '0', '', 0, 0, '', 0, 19),
(28, 'Evento con un tipo de entrada y con cantidad maxima obligatorio de entrada vacio', '2012-07-20 10:06:17', '2012-07-20 10:06:17', '0', '', 0, 0, '', 0, 19),
(29, 'Evento con 2 tipos de entradas y todos sus campos son obligatorios', '2012-07-20 10:06:17', '2012-07-20 10:06:17', '0', '', 0, 0, '', 0, 19),
(30, 'Prueba 1 para el caso de uso Crear Entrada', '2012-07-20 10:06:17', '2012-07-20 10:06:17', '0', '', 0, 0, '', 0, 19),
(31, 'Prueba 2 para el caso de uso Crear Entrada', '2012-07-20 10:06:17', '2012-07-20 10:06:17', '0', '', 0, 0, '', 0, 19),
(32, 'Caso de prueba 3 para el caso de uso Agregar Entrada', '2012-07-20 10:06:17', '2012-07-20 10:06:17', '0', '', 0, 0, '', 0, 19),
(33, 'Prueba 5 para el caso de uso Agregar Entrada', '2012-07-20 10:06:17', '2012-07-20 10:06:17', '0', '', 0, 0, '', 0, 19),
(34, 'Prueba 6 para el caso de uso Agregar Entrada', '2012-07-20 10:06:17', '2012-07-20 10:06:17', '0', '', 0, 0, '', 0, 19),
(35, 'Evento1', '2012-07-20 10:06:17', '2012-07-20 10:06:17', '0', '', 0, 0, '', 0, 20),
(36, 'Eventosss', '2012-07-20 10:06:17', '2012-07-20 10:06:17', '0', '', 0, 0, '', 0, 1);

-- --------------------------------------------------------

--
-- Estructura de tabla para la tabla `t_inscripcion`
--

CREATE TABLE IF NOT EXISTS `t_inscripcion` (
  `inscripcion_idt_participante` int(10) unsigned NOT NULL,
  `inscripcion_idt_evento` int(10) unsigned NOT NULL,
  `inscripcion_fecha` datetime NOT NULL,
  PRIMARY KEY (`inscripcion_idt_participante`,`inscripcion_idt_evento`),
  KEY `fk_inscripcion_participante` (`inscripcion_idt_participante`),
  KEY `fk_inscripcion_evento` (`inscripcion_idt_evento`)
) ENGINE=InnoDB DEFAULT CHARSET=utf8;

--
-- Volcar la base de datos para la tabla `t_inscripcion`
--


-- --------------------------------------------------------

--
-- Estructura de tabla para la tabla `t_invitacion`
--

CREATE TABLE IF NOT EXISTS `t_invitacion` (
  `idt_invitacion` int(10) unsigned NOT NULL AUTO_INCREMENT,
  `invitacion_correos` text NOT NULL,
  `invitacion_cantidad` int(5) DEFAULT NULL,
  `invitacion_resultado` int(11) DEFAULT NULL,
  `invitacion_idt_campanha` int(10) unsigned NOT NULL,
  PRIMARY KEY (`idt_invitacion`),
  KEY `fk_invitacion_campanha` (`invitacion_idt_campanha`)
) ENGINE=InnoDB  DEFAULT CHARSET=utf8 AUTO_INCREMENT=11 ;

--
-- Volcar la base de datos para la tabla `t_invitacion`
--

INSERT INTO `t_invitacion` (`idt_invitacion`, `invitacion_correos`, `invitacion_cantidad`, `invitacion_resultado`, `invitacion_idt_campanha`) VALUES
(1, 'alejandrobolivar86@gmail.com', NULL, NULL, 8),
(2, 'alejandrobolivar86@gmail.com', NULL, NULL, 9),
(3, 'alejandrobolivar86@gmail.com, alejandrobolivar@hotmail.com', NULL, NULL, 9),
(4, 'alejandrobolivar86@gmail.com', NULL, NULL, 10),
(5, 'alejandrobolivar86@gmail.com', NULL, NULL, 10),
(6, 'alejandrobolivar86@gmail.com', NULL, NULL, 10),
(7, 'alejandrobolivar@hotmail.com', NULL, NULL, 10),
(8, 'alejandrobolivar86@gmail.com', NULL, NULL, 10),
(9, 'alejandrobolivar86@gmail.com', NULL, NULL, 10),
(10, 'alejandrobolivar@hotmail.com', NULL, NULL, 10);

-- --------------------------------------------------------

--
-- Estructura de tabla para la tabla `t_organizador`
--

CREATE TABLE IF NOT EXISTS `t_organizador` (
  `idt_organizador` int(10) unsigned NOT NULL AUTO_INCREMENT,
  `organizador_nombre` varchar(100) NOT NULL,
  `organizador_apellido` varchar(100) NOT NULL,
  `organizador_empresa` varchar(150) DEFAULT NULL,
  `organizador_correo` varchar(150) NOT NULL,
  `organizador_clave` varchar(50) NOT NULL,
  `organizador_creacion` datetime NOT NULL,
  `organizador_modificacion` datetime NOT NULL,
  PRIMARY KEY (`idt_organizador`),
  UNIQUE KEY `organizador_correo_UNIQUE` (`organizador_correo`)
) ENGINE=InnoDB  DEFAULT CHARSET=utf8 AUTO_INCREMENT=22 ;

--
-- Volcar la base de datos para la tabla `t_organizador`
--

INSERT INTO `t_organizador` (`idt_organizador`, `organizador_nombre`, `organizador_apellido`, `organizador_empresa`, `organizador_correo`, `organizador_clave`, `organizador_creacion`, `organizador_modificacion`) VALUES
(1, 'Alejandro', 'Bolivar', 'OPC Eventos Intelectuales Operativos', 'alejandrobolivar86@gmail.com', 'e052450f29b2e0e9a53fd4eb389e25a9', '2012-07-16 15:19:04', '2012-07-23 19:58:48'),
(2, 'Made', 'Jacobs', 'UPSA', 'madejacobs@gmail.com', 'made', '2012-07-16 15:52:45', '2012-07-16 15:52:45'),
(3, 'Fernando', 'Chavez', 'YPFB', 'fernandochavez@gmail.com', 'cebdd715d4ecaafee8f147c2e85e0754', '2012-07-16 16:54:06', '2012-07-16 16:54:06'),
(4, 'Carlos', 'Slim', 'Telecom', 'carlosslim@gmail.com', 'dc599a9972fde3045dab59dbd1ae170b', '2012-07-17 14:37:08', '2012-07-17 14:37:08'),
(5, 'Bill', 'Gates', 'Microsoft', 'billgates@gmail.com', 'e8375d7cd983efcbf956da5937050ffc', '2012-07-17 14:37:50', '2012-07-23 20:45:46'),
(7, 'Warren', 'Buffett', 'Berkshire Hathaway', 'warrenbuffett@gmail.com', '80ee7ece5bdf991bc2ae95776f02568d', '2012-07-19 17:38:57', '2012-07-19 17:38:57'),
(8, 'Lorgio', 'Serrate', 'Muebles Metálicos Bolivar', 'lorgioserrate@gmail.com', 'cbe32f85911a867690f8324cd91737c2', '2012-07-20 18:38:56', '2012-07-23 18:56:23'),
(18, 'Michael', 'Mind', '', 'michaelmind@gmail.com', '0acf4539a14b3aa27deeb4cbdf6e989f', '2012-07-26 15:17:37', '2012-07-26 15:17:37'),
(19, 'Oscar', 'Crespo', '', 'oscarcrespo@gmail.com', 'f156e7995d521f30e6c59a3d6c75e1e5', '2012-07-28 17:15:58', '2012-07-28 17:15:58'),
(20, 'Mark', 'Zuckerberg', '', 'markzuckerberg@gmail.com', 'ea82410c7a9991816b5eeeebe195e20a', '2012-07-31 12:56:38', '2012-07-31 12:56:38'),
(21, 'Juan', 'Magan', '', 'juanmagan@gmail.com', 'a94652aa97c7211ba8954dd15a3cf838', '2012-08-01 11:45:52', '2012-08-01 11:45:52');

-- --------------------------------------------------------

--
-- Estructura de tabla para la tabla `t_participante`
--

CREATE TABLE IF NOT EXISTS `t_participante` (
  `idt_participante` int(10) unsigned NOT NULL AUTO_INCREMENT,
  `participante_nombre` varchar(100) NOT NULL,
  `participante_apellido` varchar(100) NOT NULL,
  `participante_correo` varchar(150) NOT NULL,
  `participante_clave` varchar(50) NOT NULL,
  `participante_creacion` datetime NOT NULL,
  `participante_modificacion` datetime NOT NULL,
  PRIMARY KEY (`idt_participante`),
  UNIQUE KEY `idt_participante_UNIQUE` (`idt_participante`),
  UNIQUE KEY `participante_correo_UNIQUE` (`participante_correo`)
) ENGINE=InnoDB  DEFAULT CHARSET=utf8 AUTO_INCREMENT=3 ;

--
-- Volcar la base de datos para la tabla `t_participante`
--

INSERT INTO `t_participante` (`idt_participante`, `participante_nombre`, `participante_apellido`, `participante_correo`, `participante_clave`, `participante_creacion`, `participante_modificacion`) VALUES
(1, 'Enrique', 'Iglesias', 'enriqueiglesias@gmail.com', '8b9127934238e9a03691225c734a0a71', '2012-08-01 14:32:27', '2012-08-01 14:32:27'),
(2, 'Liliana', 'Palacios', 'lilianapalacios@gmail.com', '22113d5561c167c117d38d6a2fbacf0b', '2012-08-01 15:19:19', '2012-08-01 15:19:19');

-- --------------------------------------------------------

--
-- Estructura de tabla para la tabla `t_shop_address`
--

CREATE TABLE IF NOT EXISTS `t_shop_address` (
  `id` int(11) NOT NULL AUTO_INCREMENT,
  `firstname` varchar(255) NOT NULL,
  `lastname` varchar(255) NOT NULL,
  `street` varchar(255) NOT NULL,
  `zipcode` varchar(255) NOT NULL,
  `city` varchar(255) NOT NULL,
  `country` varchar(255) NOT NULL,
  PRIMARY KEY (`id`)
) ENGINE=InnoDB DEFAULT CHARSET=latin1 AUTO_INCREMENT=1 ;

--
-- Volcar la base de datos para la tabla `t_shop_address`
--


-- --------------------------------------------------------

--
-- Estructura de tabla para la tabla `t_shop_category`
--

CREATE TABLE IF NOT EXISTS `t_shop_category` (
  `category_id` int(11) NOT NULL AUTO_INCREMENT,
  `parent_id` int(11) DEFAULT NULL,
  `title` varchar(45) NOT NULL,
  `description` text,
  `language` varchar(45) DEFAULT NULL,
  PRIMARY KEY (`category_id`)
) ENGINE=InnoDB  DEFAULT CHARSET=utf8 AUTO_INCREMENT=6 ;

--
-- Volcar la base de datos para la tabla `t_shop_category`
--

INSERT INTO `t_shop_category` (`category_id`, `parent_id`, `title`, `description`, `language`) VALUES
(1, 0, 'Primary Articles', NULL, NULL),
(2, 0, 'Secondary Articles', NULL, NULL),
(3, 1, 'Red Primary Articles', NULL, NULL),
(4, 1, 'Green Primary Articles', NULL, NULL),
(5, 2, 'Red Secondary Articles', NULL, NULL);

-- --------------------------------------------------------

--
-- Estructura de tabla para la tabla `t_shop_customer`
--

CREATE TABLE IF NOT EXISTS `t_shop_customer` (
  `customer_id` int(11) NOT NULL AUTO_INCREMENT,
  `user_id` int(11) DEFAULT NULL,
  `address_id` int(11) NOT NULL,
  `delivery_address_id` int(11) NOT NULL,
  `billing_address_id` int(11) NOT NULL,
  `email` varchar(45) NOT NULL,
  PRIMARY KEY (`customer_id`)
) ENGINE=InnoDB DEFAULT CHARSET=utf8 AUTO_INCREMENT=1 ;

--
-- Volcar la base de datos para la tabla `t_shop_customer`
--


-- --------------------------------------------------------

--
-- Estructura de tabla para la tabla `t_shop_image`
--

CREATE TABLE IF NOT EXISTS `t_shop_image` (
  `id` int(11) NOT NULL AUTO_INCREMENT,
  `title` varchar(45) NOT NULL,
  `filename` varchar(45) NOT NULL,
  `product_id` int(11) NOT NULL,
  `entrada_id` int(10) unsigned NOT NULL,
  PRIMARY KEY (`id`),
  KEY `fk_Image_Products` (`product_id`)
) ENGINE=InnoDB DEFAULT CHARSET=utf8 AUTO_INCREMENT=1 ;

--
-- Volcar la base de datos para la tabla `t_shop_image`
--


-- --------------------------------------------------------

--
-- Estructura de tabla para la tabla `t_shop_order`
--

CREATE TABLE IF NOT EXISTS `t_shop_order` (
  `order_id` int(11) NOT NULL AUTO_INCREMENT,
  `customer_id` int(11) NOT NULL,
  `delivery_address_id` int(11) NOT NULL,
  `billing_address_id` int(11) NOT NULL,
  `ordering_date` int(11) NOT NULL,
  `ordering_done` tinyint(1) DEFAULT NULL,
  `ordering_confirmed` tinyint(1) DEFAULT NULL,
  `payment_method` int(11) NOT NULL,
  `shipping_method` int(11) NOT NULL,
  `comment` text,
  PRIMARY KEY (`order_id`),
  KEY `fk_order_customer` (`customer_id`)
) ENGINE=InnoDB DEFAULT CHARSET=utf8 AUTO_INCREMENT=1 ;

--
-- Volcar la base de datos para la tabla `t_shop_order`
--


-- --------------------------------------------------------

--
-- Estructura de tabla para la tabla `t_shop_order_position`
--

CREATE TABLE IF NOT EXISTS `t_shop_order_position` (
  `id` int(11) NOT NULL AUTO_INCREMENT,
  `order_id` int(11) NOT NULL,
  `product_id` int(11) NOT NULL,
  `amount` int(11) NOT NULL,
  `specifications` text NOT NULL,
  PRIMARY KEY (`id`)
) ENGINE=InnoDB DEFAULT CHARSET=latin1 AUTO_INCREMENT=1 ;

--
-- Volcar la base de datos para la tabla `t_shop_order_position`
--


-- --------------------------------------------------------

--
-- Estructura de tabla para la tabla `t_shop_payment_method`
--

CREATE TABLE IF NOT EXISTS `t_shop_payment_method` (
  `id` int(10) unsigned NOT NULL AUTO_INCREMENT,
  `title` varchar(255) NOT NULL,
  `description` text,
  `tax_id` int(11) NOT NULL,
  `price` double NOT NULL,
  PRIMARY KEY (`id`)
) ENGINE=InnoDB  DEFAULT CHARSET=latin1 AUTO_INCREMENT=6 ;

--
-- Volcar la base de datos para la tabla `t_shop_payment_method`
--

INSERT INTO `t_shop_payment_method` (`id`, `title`, `description`, `tax_id`, `price`) VALUES
(1, 'cash', 'You pay cash', 1, 0),
(2, 'advance Payment', 'You pay in advance, we deliver', 1, 0),
(3, 'cash on delivery', 'You pay when we deliver', 1, 0),
(4, 'invoice', 'We deliver and send a invoice', 1, 0),
(5, 'paypal', 'You pay by paypal', 1, 0);

-- --------------------------------------------------------

--
-- Estructura de tabla para la tabla `t_shop_product_specification`
--

CREATE TABLE IF NOT EXISTS `t_shop_product_specification` (
  `id` int(11) NOT NULL AUTO_INCREMENT,
  `title` varchar(255) NOT NULL,
  `is_user_input` tinyint(1) DEFAULT NULL,
  `required` tinyint(1) DEFAULT NULL,
  PRIMARY KEY (`id`)
) ENGINE=InnoDB  DEFAULT CHARSET=latin1 AUTO_INCREMENT=6 ;

--
-- Volcar la base de datos para la tabla `t_shop_product_specification`
--

INSERT INTO `t_shop_product_specification` (`id`, `title`, `is_user_input`, `required`) VALUES
(1, 'Size', 0, 1),
(2, 'Color', 0, 0),
(3, 'Some random attribute', 0, 0),
(4, 'Material', 0, 1),
(5, 'Specific number', 1, 1);

-- --------------------------------------------------------

--
-- Estructura de tabla para la tabla `t_shop_product_variation`
--

CREATE TABLE IF NOT EXISTS `t_shop_product_variation` (
  `id` int(11) NOT NULL AUTO_INCREMENT,
  `product_id` int(11) NOT NULL,
  `specification_id` int(11) NOT NULL,
  `position` int(11) NOT NULL,
  `title` varchar(255) NOT NULL,
  `price_adjustion` float NOT NULL,
  PRIMARY KEY (`id`)
) ENGINE=InnoDB  DEFAULT CHARSET=latin1 AUTO_INCREMENT=5 ;

--
-- Volcar la base de datos para la tabla `t_shop_product_variation`
--

INSERT INTO `t_shop_product_variation` (`id`, `product_id`, `specification_id`, `position`, `title`, `price_adjustion`) VALUES
(1, 1, 1, 2, 'variation1', 3),
(2, 1, 1, 3, 'variation2', 6),
(3, 1, 2, 4, 'variation3', 9),
(4, 1, 5, 1, 'please enter a number here', 0);

-- --------------------------------------------------------

--
-- Estructura de tabla para la tabla `t_shop_products`
--

CREATE TABLE IF NOT EXISTS `t_shop_products` (
  `product_id` int(11) NOT NULL AUTO_INCREMENT,
  `category_id` int(11) NOT NULL,
  `tax_id` int(11) NOT NULL,
  `title` varchar(45) NOT NULL,
  `description` text,
  `price` varchar(45) DEFAULT NULL,
  `language` varchar(45) DEFAULT NULL,
  `specifications` text,
  PRIMARY KEY (`product_id`),
  KEY `fk_products_category` (`category_id`)
) ENGINE=InnoDB  DEFAULT CHARSET=utf8 AUTO_INCREMENT=5 ;

--
-- Volcar la base de datos para la tabla `t_shop_products`
--

INSERT INTO `t_shop_products` (`product_id`, `category_id`, `tax_id`, `title`, `description`, `price`, `language`, `specifications`) VALUES
(1, 1, 1, 'Demonstration of Article with variations', 'Hello, World!', '19.99', NULL, NULL),
(2, 1, 2, 'Another Demo Article with less Tax', '!!', '29.99', NULL, NULL),
(3, 2, 1, 'Demo3', '', '', NULL, NULL),
(4, 4, 1, 'Demo4', '', '7, 55', NULL, NULL);

-- --------------------------------------------------------

--
-- Estructura de tabla para la tabla `t_shop_shipping_method`
--

CREATE TABLE IF NOT EXISTS `t_shop_shipping_method` (
  `id` int(10) unsigned NOT NULL AUTO_INCREMENT,
  `title` varchar(255) NOT NULL,
  `description` text,
  `tax_id` int(11) NOT NULL,
  `price` double NOT NULL,
  PRIMARY KEY (`id`)
) ENGINE=InnoDB  DEFAULT CHARSET=latin1 AUTO_INCREMENT=2 ;

--
-- Volcar la base de datos para la tabla `t_shop_shipping_method`
--

INSERT INTO `t_shop_shipping_method` (`id`, `title`, `description`, `tax_id`, `price`) VALUES
(1, 'Delivery by postal Service', 'We deliver by Postal Service. 2.99 units of money are charged for that', 1, 2.99);

-- --------------------------------------------------------

--
-- Estructura de tabla para la tabla `t_shop_tax`
--

CREATE TABLE IF NOT EXISTS `t_shop_tax` (
  `id` int(11) NOT NULL AUTO_INCREMENT,
  `title` varchar(255) NOT NULL,
  `percent` int(11) NOT NULL,
  PRIMARY KEY (`id`)
) ENGINE=InnoDB  DEFAULT CHARSET=latin1 AUTO_INCREMENT=3 ;

--
-- Volcar la base de datos para la tabla `t_shop_tax`
--

INSERT INTO `t_shop_tax` (`id`, `title`, `percent`) VALUES
(1, '19%', 19),
(2, '7%', 7);

--
-- Filtros para las tablas descargadas (dump)
--

--
-- Filtros para la tabla `t_campanha`
--
ALTER TABLE `t_campanha`
  ADD CONSTRAINT `fk_campanha_evento` FOREIGN KEY (`campanha_idt_evento`) REFERENCES `t_evento` (`idt_evento`) ON DELETE CASCADE ON UPDATE NO ACTION;

--
-- Filtros para la tabla `t_compra`
--
ALTER TABLE `t_compra`
  ADD CONSTRAINT `fk_compra_participante` FOREIGN KEY (`compra_idt_participante`) REFERENCES `t_participante` (`idt_participante`) ON DELETE CASCADE ON UPDATE NO ACTION;

--
-- Filtros para la tabla `t_contacto`
--
ALTER TABLE `t_contacto`
  ADD CONSTRAINT `fk_contacto_organizador` FOREIGN KEY (`contacto_idt_organizador`) REFERENCES `t_organizador` (`idt_organizador`) ON DELETE CASCADE ON UPDATE NO ACTION;

--
-- Filtros para la tabla `t_detallecompra`
--
ALTER TABLE `t_detallecompra`
  ADD CONSTRAINT `fk_detalleCompra_compra` FOREIGN KEY (`detalleCompra_idt_compra`) REFERENCES `t_compra` (`idt_compra`) ON DELETE CASCADE ON UPDATE NO ACTION,
  ADD CONSTRAINT `fk_detalleCompra_entrada` FOREIGN KEY (`detalleCompra_idt_entrada`) REFERENCES `t_entrada` (`idt_entrada`) ON DELETE CASCADE ON UPDATE NO ACTION;

--
-- Filtros para la tabla `t_entrada`
--
ALTER TABLE `t_entrada`
  ADD CONSTRAINT `fk_entrada_evento` FOREIGN KEY (`entrada_idt_evento`) REFERENCES `t_evento` (`idt_evento`) ON DELETE CASCADE ON UPDATE NO ACTION;

--
-- Filtros para la tabla `t_evento`
--
ALTER TABLE `t_evento`
  ADD CONSTRAINT `fk_evento_organizador` FOREIGN KEY (`evento_idt_organizador`) REFERENCES `t_organizador` (`idt_organizador`) ON DELETE CASCADE ON UPDATE NO ACTION;

--
-- Filtros para la tabla `t_inscripcion`
--
ALTER TABLE `t_inscripcion`
  ADD CONSTRAINT `fk_inscripcion_evento` FOREIGN KEY (`inscripcion_idt_evento`) REFERENCES `t_evento` (`idt_evento`) ON DELETE CASCADE ON UPDATE NO ACTION,
  ADD CONSTRAINT `fk_inscripcion_participante` FOREIGN KEY (`inscripcion_idt_participante`) REFERENCES `t_participante` (`idt_participante`) ON DELETE CASCADE ON UPDATE NO ACTION;

--
-- Filtros para la tabla `t_invitacion`
--
ALTER TABLE `t_invitacion`
  ADD CONSTRAINT `fk_invitacion_campanha` FOREIGN KEY (`invitacion_idt_campanha`) REFERENCES `t_campanha` (`idt_campanha`) ON DELETE CASCADE ON UPDATE NO ACTION;

--
-- Filtros para la tabla `t_shop_image`
--
ALTER TABLE `t_shop_image`
  ADD CONSTRAINT `fk_Image_Products` FOREIGN KEY (`product_id`) REFERENCES `t_shop_products` (`product_id`) ON DELETE NO ACTION ON UPDATE NO ACTION;

--
-- Filtros para la tabla `t_shop_order`
--
ALTER TABLE `t_shop_order`
  ADD CONSTRAINT `fk_order_customer1` FOREIGN KEY (`customer_id`) REFERENCES `t_shop_customer` (`customer_id`) ON DELETE NO ACTION ON UPDATE NO ACTION;

--
-- Filtros para la tabla `t_shop_products`
--
ALTER TABLE `t_shop_products`
  ADD CONSTRAINT `fk_products_category` FOREIGN KEY (`category_id`) REFERENCES `t_shop_category` (`category_id`) ON DELETE NO ACTION ON UPDATE NO ACTION;
